Tweet,Matched Keywords,Date,User,Source,Tweet ID,Tweet URL
"Los Angeles SEO Company services include SEO, Google Ads, Facebook Ads Digital Marketing https://t.co/gCI2gb3ur5",SEO,2019-05-23 18:45:44,mdabusayeed50,Twitter Web Client,1131632318152445952,https://twitter.com/statuses/1131632318152445952
SEO: 4 Signs Your 'Optimized' Content Could Be Spam - Practical Ecommerce https://t.co/810e6KTIrt #SEO,"#SEO, SEO",2019-05-23 18:45:45,JaneDoeSEO,IFTTT,1131632324058210309,https://twitter.com/statuses/1131632324058210309
Anatomy of a Webpage: How to Maximize #SEO Impact    https://t.co/dLl4Y8glTM,"#SEO, SEO",2019-05-23 18:45:47,Blog_Autoposter,IFTTT,1131632331616346113,https://twitter.com/statuses/1131632331616346113
"â€¢ profiles â€¢
minho's friends

â€¢ kim woojin
- oldest
- loves chicken more than u
- has a powerful voice
- boyfriend material
- the normal one (but actually not)

â€¢ seo changbin
- 1/3 of 3racha
- felix's bestfriend
- hyunjin teases him a LOT
- said he's dark but actually cute https://t.co/t5vTwRmvri",SEO,2019-05-23 18:45:54,aacklmh,Twitter for Android,1131632362431737856,https://twitter.com/statuses/1131632362431737856
"Top story: Boosting Local SEO with Google My Business [PODCAST] https://t.co/enCvLUzyV9, see more https://t.co/bJytaDKdOI",SEO,2019-05-23 18:45:54,casper_rv,The Tweeted Times,1131632363631468544,https://twitter.com/statuses/1131632363631468544
EE.UU.: aspirante presidencial demÃ³crata apoya fin del bloqueo a #Cuba (+Video) https://t.co/dS1tNkgTa7,,2019-05-23 18:46:07,carlosgonza796,Twitter Web Client,1131632416265789445,https://twitter.com/statuses/1131632416265789445
#SEO #RÃ©fÃ©rencement In with the old: Smart ways to repurpose your content for maximum impact https://t.co/o9N7M1lXYr https://t.co/7ZDpUdafkv,"#SEO, SEO",2019-05-23 18:46:13,Sirejols,IFTTT,1131632441561702401,https://twitter.com/statuses/1131632441561702401
"name: wendy
height: 1m80 i guess
age: 17
birthday: 8 may
fav grp/s: monsta x, stray kids & nct
sign: taurus
favorite color: don't have one
piercings: 0 (i'm upset about it .)
tattoos: 0
pet/s: 0
ults: kim taehyung, seo changbin, lee taeyong, lee jooheon ğŸ˜¡",SEO,2019-05-23 18:46:21,wtaeyoh,Twitter for iPad,1131632474705006592,https://twitter.com/statuses/1131632474705006592
Check out my Gig on Fiverr: I will do your on page SEO https://t.co/kQ64RX2eMk,SEO,2019-05-23 18:46:42,SyedRameezHaid1,Twitter Web Client,1131632564161196033,https://twitter.com/statuses/1131632564161196033
In with the old: Smart ways to repurpose your content for maximum impact https://t.co/UPseUT6LVT #SEO,"#SEO, SEO",2019-05-23 18:46:45,rankeagleseo,IFTTT,1131632576102375425,https://twitter.com/statuses/1131632576102375425
Blog of Adriel https://t.co/a4WG2uyfA2,,2019-05-23 18:46:47,Bhutt0,Twitter Web Client,1131632586403590145,https://twitter.com/statuses/1131632586403590145
In with the old: Smart ways to repurpose your content for maximum impact https://t.co/ke9MsFr4KQ #SEO #SmallBusiness,"#SEO, SEO",2019-05-23 18:47:06,inixmedia,IFTTT,1131632665554235394,https://twitter.com/statuses/1131632665554235394
"""In with the old: Smart ways to repurpose your content for maximum impact"". Detail:https://t.co/RKBgeSVDeH #SEO https://t.co/w3FZKVq1sa","#SEO, SEO",2019-05-23 18:47:06,ekplugin,IFTTT,1131632665935994881,https://twitter.com/statuses/1131632665935994881
"""In with the old: Smart ways to repurpose your content for maximum impact"" by George Nguyen via Search Engine Land: News & Info About SEO, PPC, SEM, Search Engines & Search Marketing https://t.co/Q5DTc3pKIX",SEO,2019-05-23 18:47:10,rankingplus,IFTTT,1131632680729305088,https://twitter.com/statuses/1131632680729305088
In with the old: Smart ways to repurpose your content for maximum impact https://t.co/6lkoPt6zIV #seo,"#SEO, SEO",2019-05-23 18:47:18,jefflibanan,IFTTT,1131632715172909057,https://twitter.com/statuses/1131632715172909057
In with the old: Smart ways to repurpose your content for maximum impact https://t.co/GkhxkuwyK7 #SEO #OnlineMarketing,"#SEO, SEO",2019-05-23 18:47:18,FormalSite,IFTTT,1131632716171153409,https://twitter.com/statuses/1131632716171153409
seo https://t.co/qOrXlTO8SG,SEO,2019-05-23 18:47:25,ronokcu09,IFTTT,1131632742687498240,https://twitter.com/statuses/1131632742687498240
Still Learning SEO #Fiverr https://t.co/ZSq561jYgk,SEO,2019-05-23 18:47:28,antuchy68,Twitter Web Client,1131632754930593792,https://twitter.com/statuses/1131632754930593792
#SEO In with the old: Smart ways to repurpose your content for maximum impact https://t.co/jclHEVA7jO,"#SEO, SEO",2019-05-23 18:47:30,highupseo,IFTTT,1131632766406332417,https://twitter.com/statuses/1131632766406332417
SEO COMPANY LOS ANGELES https://t.co/iiVn9tcdUw,SEO,2019-05-23 18:47:31,mdabusayeed41,Twitter Web Client,1131632769526784000,https://twitter.com/statuses/1131632769526784000
"Lf 2 tickets of seo Kang joon syempre lower price please dm me

#SeoKangJunInMNL #SeoKamgJoonTicket","#SEO, SEO",2019-05-23 18:47:35,maricrisyu07,Twitter for Android,1131632784273956864,https://twitter.com/statuses/1131632784273956864
Tum jitnay marzi Seo expert ban jao ana tumhen social media marketer k pass he hai.ğŸ˜ğŸ˜€,SEO,2019-05-23 18:48:00,Afunpoint2,Facebook,1131632889848713216,https://twitter.com/statuses/1131632889848713216
Using an events calendar to drive traffic to your site means using SEO / event aggregation to the fullest. Check it! https://t.co/5SFKLSRkSR,SEO,2019-05-23 18:48:00,TheEventsCal,TweetDeck,1131632889660039169,https://twitter.com/statuses/1131632889660039169
"Aboga Cuba por defensa de multilateralismo y cooperaciÃ³n mundial 
mÃ¡s info> https://t.co/cMORD2uCsu
#AduanadeCuba 
#PorUnaFronteraSegura https://t.co/CAPTO1uUPD",,2019-05-23 18:48:02,Aduana_de_Cuba,Twitter Web Client,1131632898401067008,https://twitter.com/statuses/1131632898401067008
In with the old: Smart ways to repurpose your content for maximum impact https://t.co/G9H2J0JMuQ #seo,"#SEO, SEO",2019-05-23 18:48:08,doocfarma,IFTTT,1131632922174345216,https://twitter.com/statuses/1131632922174345216
In with the old: Smart ways to repurpose your content for maximum impact #seo,"#SEO, SEO",2019-05-23 18:48:11,SmartLogics,IFTTT,1131632934962847744,https://twitter.com/statuses/1131632934962847744
Backlink Alpha â€“ Next Gen Bulk Account Creation https://t.co/ronow7OAV8 Limited time offer: 70% off at SEo PowerSuite. Act now.,SEO,2019-05-23 18:48:16,JamesFardas,jamesfarjdas1,1131632956387282944,https://twitter.com/statuses/1131632956387282944
In with the old: Smart ways to repurpose your content for maximum impact https://t.co/nCBj0zjOLW #SEO,"#SEO, SEO",2019-05-23 18:48:20,FreddyRichard,IFTTT,1131632975773351936,https://twitter.com/statuses/1131632975773351936
The latest Dental SEO! https://t.co/waFqqqiqxF #seo #marketing,"#SEO, SEO",2019-05-23 18:48:25,DentalMktgFirm,Paper.li,1131632996870696961,https://twitter.com/statuses/1131632996870696961
In with the old: Smart ways to repurpose your content for maximum impact https://t.co/7UXYKvlaMa #seo #sem,"#SEO, SEO",2019-05-23 18:48:29,cinquemene,IFTTT,1131633011529801728,https://twitter.com/statuses/1131633011529801728
"ã€ãƒ–ãƒ­ã‚°ã®SEOå¯¾ç­–ã§Googleã¸é…æ…®ã™ã‚‹ã¹ã6ã¤ã®åŠ¹æœçš„ãªå–ã‚Šçµ„ã¿æ–¹ã€â˜…ãƒ–ãƒ­ã‚°ã‚’æœ€é©åŒ–ã—ã¦Googleã‹ã‚‰å‡ºæ¥ã‚‹é™ã‚Šæœ€å¤§è©•ä¾¡ã•ã‚Œã‚‹ã‚ˆã†ãªåŠ¹æœçš„ãªSEOå¯¾ç­–ã®æ‰‹æ³•ã«ã¤ã„ã¦è§£èª¬ã—ã¾ã™ã€‚
https://t.co/jNsOjIC9h1",SEO,2019-05-23 18:48:39,ryosyoku444,twittbot.net,1131633053439102976,https://twitter.com/statuses/1131633053439102976
SEO Case Study: From 0 to 3 Million Page Views with Minimal Effort https://t.co/LGyU25uFsa via @blogpioneer,SEO,2019-05-23 18:48:47,dattirk,Twitter Web Client,1131633087928885249,https://twitter.com/statuses/1131633087928885249
@danielmarven Hlompho hle hlompho. Ai passop plus le sesotho seo sa accent,SEO,2019-05-23 18:48:56,zenwafs,Twitter for Android,1131633127548477440,https://twitter.com/statuses/1131633127548477440
Drogas en contenedor originario de #Cuba las colocaron en PanamÃ¡ https://t.co/KP4NjIBMc4,,2019-05-23 18:48:59,carlosgonza796,Twitter Web Client,1131633139577688064,https://twitter.com/statuses/1131633139577688064
"@thisjrodriguez Â¿Y quien le deja a un SEO hacer desarrollos? ğŸ˜” el problema es muchos que se venden como SEO, DEV, UX, SOCIAL MEDIA y todo, y al final no son nada.",SEO,2019-05-23 18:49:02,MiguelPalau90,Twitter for Android,1131633151359504387,https://twitter.com/statuses/1131633151359504387
